WBIC,dnr_field,dnr_lab,edi,usgs_lab,final_value,datasource,unit
20,NA,NA,NA,331.56,331.56,usgs,us/cm
NA,NA,NA,NA,NA,NA,NA,us/cm
8900,234,233.1111111,198,238.75,233.1111111,dnr_lab,us/cm
25100,455.6666667,452.3571429,318,506.83,452.3571429,dnr_lab,us/cm
25300,476.4951898,497.8089888,310,531.1,497.8089888,dnr_lab,us/cm
26400,NA,NA,536,NA,536,edi,us/cm
28600,NA,NA,366,NA,366,edi,us/cm
36200,NA,488.9090909,355,524.8,488.9090909,dnr_lab,us/cm
37900,373.3714286,404,365,NA,404,dnr_lab,us/cm
41900,NA,NA,463,NA,463,edi,us/cm
42400,477.1818182,446,567,NA,446,dnr_lab,us/cm
42800,NA,NA,263,NA,263,edi,us/cm
43700,453.8,440,340,440,440,dnr_lab,us/cm
43900,NA,NA,216,NA,216,edi,us/cm
45100,295,295.3684211,230,NA,295.3684211,dnr_lab,us/cm
45200,362.7454013,376.5106383,302,NA,376.5106383,dnr_lab,us/cm
49400,NA,364.9,250,NA,364.9,dnr_lab,us/cm
60800,543.9444444,521.2222222,523,538.25,521.2222222,dnr_lab,us/cm
63700,460.3333333,494,398,NA,494,dnr_lab,us/cm
64000,363.5,414.16,315,NA,414.16,dnr_lab,us/cm
67400,421.6719556,482.9411765,366,NA,482.9411765,dnr_lab,us/cm
68300,NA,384,221,NA,384,dnr_lab,us/cm
68600,464.7777778,417.4444444,435,NA,417.4444444,dnr_lab,us/cm
72800,NA,573.25,413,NA,573.25,dnr_lab,us/cm
77300,439.2641509,364.4166667,350,NA,364.4166667,dnr_lab,us/cm
77500,377.6162797,365.36,262,NA,365.36,dnr_lab,us/cm
77600,392.2,418.1111111,267,NA,418.1111111,dnr_lab,us/cm
81200,NA,630.5,NA,NA,630.5,dnr_lab,us/cm
82900,341.1,340.1666667,340,NA,340.1666667,dnr_lab,us/cm
85200,NA,363.6666667,303,NA,363.6666667,dnr_lab,us/cm
85300,NA,NA,368,NA,368,edi,us/cm
85400,364.625,361.6666667,381,NA,361.6666667,dnr_lab,us/cm
93100,294.2222222,317.9615385,277,NA,317.9615385,dnr_lab,us/cm
94200,565.6470045,487,471,NA,487,dnr_lab,us/cm
94300,542.5,NA,490,NA,542.5,dnr_field,us/cm
94700,555.5510204,437.6,584,NA,437.6,dnr_lab,us/cm
101300,303.8487654,275.6666667,197,NA,275.6666667,dnr_lab,us/cm
101600,NA,NA,158,NA,158,edi,us/cm
102100,180.3625,182,223,NA,182,dnr_lab,us/cm
102600,0.280432927,322.6666667,307,NA,322.6666667,dnr_lab,us/cm
102700,NA,NA,NA,NA,NA,NA,us/cm
102900,269.6121212,238.6,191,NA,238.6,dnr_lab,us/cm
103100,NA,NA,228,NA,228,edi,us/cm
103400,0.175807229,196,195,NA,196,dnr_lab,us/cm
103600,2.366242857,177.75,129,NA,177.75,dnr_lab,us/cm
103900,247.7081081,217.2661905,212,NA,217.2661905,dnr_lab,us/cm
104000,0.16821978,226,207,NA,226,dnr_lab,us/cm
104200,NA,NA,190,NA,190,edi,us/cm
104600,265.1007246,250.6666667,230,NA,250.6666667,dnr_lab,us/cm
104700,NA,154.0666667,169,NA,154.0666667,dnr_lab,us/cm
105200,279.2302083,246.8571429,241,NA,246.8571429,dnr_lab,us/cm
105800,325.6465909,327.6111111,192,NA,327.6111111,dnr_lab,us/cm
106500,2.326545455,299.25,303,NA,299.25,dnr_lab,us/cm
106600,9.228148936,NA,260,NA,9.228148936,dnr_field,us/cm
106900,288.0139442,294.8666667,212,NA,294.8666667,dnr_lab,us/cm
107500,NA,NA,163,NA,163,edi,us/cm
107600,NA,NA,NA,NA,NA,NA,us/cm
107700,NA,306.125,333,NA,306.125,dnr_lab,us/cm
107900,297.8308571,271.2857143,230,NA,271.2857143,dnr_lab,us/cm
108200,NA,133.2555556,159,NA,133.2555556,dnr_lab,us/cm
117000,NA,311,337,311,311,dnr_lab,us/cm
117400,175.8188679,172.6666667,167,NA,172.6666667,dnr_lab,us/cm
117500,0.18070922,232,198,NA,232,dnr_lab,us/cm
117600,NA,224.125,179,NA,224.125,dnr_lab,us/cm
117800,NA,NA,552,NA,552,edi,us/cm
131100,233.1674976,364.6594203,335,388,364.6594203,dnr_lab,us/cm
139300,NA,NA,478,NA,478,edi,us/cm
146100,52.15064759,476.0454545,415,498.33,476.0454545,dnr_lab,us/cm
149000,459.8301887,436.2424242,317,NA,436.2424242,dnr_lab,us/cm
155570,NA,NA,258,NA,258,edi,us/cm
156300,315.2315436,281.7142857,184,NA,281.7142857,dnr_lab,us/cm
157300,NA,256.6428571,195,NA,256.6428571,dnr_lab,us/cm
158600,NA,NA,NA,NA,NA,NA,us/cm
158700,355.6641026,354.125,287,NA,354.125,dnr_lab,us/cm
160600,NA,NA,531,NA,531,edi,us/cm
161900,NA,NA,327,NA,327,edi,us/cm
162500,344.783301,348.9090909,242,345.94,348.9090909,dnr_lab,us/cm
163970,NA,202.3,179,NA,202.3,dnr_lab,us/cm
164300,312.7333333,297.3333333,NA,309.6,297.3333333,dnr_lab,us/cm
168000,380.8038462,359.75,NA,368.25,359.75,dnr_lab,us/cm
171000,NA,385.2857143,339,NA,385.2857143,dnr_lab,us/cm
179800,479.5686275,439.9411765,454,399,439.9411765,dnr_lab,us/cm
180300,490.9107143,430.8,NA,431.5,430.8,dnr_lab,us/cm
181400,68,74.56521739,78,NA,74.56521739,dnr_lab,us/cm
181700,18.41451613,17.98333333,28,NA,17.98333333,dnr_lab,us/cm
181800,NA,109,84,86.58,109,dnr_lab,us/cm
181900,NA,NA,119,NA,119,edi,us/cm
182100,254.4139535,223.4210526,252,211.67,223.4210526,dnr_lab,us/cm
182200,NA,170.25,89,NA,170.25,dnr_lab,us/cm
182300,228.4942308,216.3333333,182,NA,216.3333333,dnr_lab,us/cm
184200,20,NA,21,NA,20,dnr_field,us/cm
184300,90,143,105,NA,143,dnr_lab,us/cm
184500,NA,NA,30,NA,30,edi,us/cm
185300,NA,NA,35,NA,35,edi,us/cm
186400,271.2307692,262.8333333,224,NA,262.8333333,dnr_lab,us/cm
189100,NA,NA,133,NA,133,edi,us/cm
189600,239.4007463,220.5294118,214,NA,220.5294118,dnr_lab,us/cm
189800,331.6109011,265.2857143,257,NA,265.2857143,dnr_lab,us/cm
190100,NA,340.3333333,262,NA,340.3333333,dnr_lab,us/cm
190200,213.5686667,226,219,NA,226,dnr_lab,us/cm
190500,NA,NA,20,NA,20,edi,us/cm
191100,204.704612,238.6444444,222,NA,238.6444444,dnr_lab,us/cm
191400,NA,27,31,NA,27,dnr_lab,us/cm
192500,NA,NA,44,NA,44,edi,us/cm
193800,21.53084112,16.08,30,NA,16.08,dnr_lab,us/cm
194000,NA,291,250,NA,291,dnr_lab,us/cm
194800,NA,NA,24,NA,24,edi,us/cm
195000,NA,NA,79,NA,79,edi,us/cm
195400,263.4652778,232.4666667,208,NA,232.4666667,dnr_lab,us/cm
195900,NA,NA,213,NA,213,edi,us/cm
196100,235.2514286,217,185,NA,217,dnr_lab,us/cm
197300,133.5574074,112.9285714,151,NA,112.9285714,dnr_lab,us/cm
197600,NA,171.5,57,150.33,171.5,dnr_lab,us/cm
197900,NA,NA,79,126,79,edi,us/cm
198100,NA,182,198,NA,182,dnr_lab,us/cm
198800,163.3171545,185.4863636,139,NA,185.4863636,dnr_lab,us/cm
199300,NA,NA,168,NA,168,edi,us/cm
199700,NA,908,273,NA,908,dnr_lab,us/cm
200300,149,NA,170,NA,149,dnr_field,us/cm
200900,NA,NA,NA,NA,NA,NA,us/cm
240800,310,338,559,NA,338,dnr_lab,us/cm
240900,247,NA,37,NA,247,dnr_field,us/cm
241100,263.975,177,294,NA,177,dnr_lab,us/cm
245800,377.5992,330.25,360,NA,330.25,dnr_lab,us/cm
246500,371.2662857,357.7857143,NA,346.3,357.7857143,dnr_lab,us/cm
246900,285.9764286,260.9166667,692,NA,260.9166667,dnr_lab,us/cm
247200,NA,337.5,204,NA,337.5,dnr_lab,us/cm
247700,293.9247794,279.3333333,244,NA,279.3333333,dnr_lab,us/cm
250000,252.9550562,252.6666667,237,NA,252.6666667,dnr_lab,us/cm
253800,NA,338.4,290,NA,338.4,dnr_lab,us/cm
254900,NA,NA,229,NA,229,edi,us/cm
255300,NA,NA,349,NA,349,edi,us/cm
258600,407,441.3514563,306,NA,441.3514563,dnr_lab,us/cm
258700,455,599.6535088,298,NA,599.6535088,dnr_lab,us/cm
259600,293.2727273,315.6315789,193,NA,315.6315789,dnr_lab,us/cm
265100,361.4,415.8,270,NA,415.8,dnr_lab,us/cm
265300,367.7868852,366.75,293,362,366.75,dnr_lab,us/cm
265600,351.7222222,394.8333333,273,NA,394.8333333,dnr_lab,us/cm
267800,NA,376.5,381,NA,376.5,dnr_lab,us/cm
270200,174.0256743,175.5555556,131,NA,175.5555556,dnr_lab,us/cm
278600,NA,381,237,NA,381,dnr_lab,us/cm
279300,NA,NA,212,NA,212,edi,us/cm
279700,377.8333333,414.25,400,NA,414.25,dnr_lab,us/cm
284300,250,NA,179,NA,250,dnr_field,us/cm
286400,475.3254237,416.2,255,NA,416.2,dnr_lab,us/cm
289400,NA,349.5,342,NA,349.5,dnr_lab,us/cm
310500,217.7198198,209.462963,182,NA,209.462963,dnr_lab,us/cm
321300,330,268,295,NA,268,dnr_lab,us/cm
323800,NA,121.5,124,95.25,121.5,dnr_lab,us/cm
326400,379.3366675,441.6818182,308,NA,441.6818182,dnr_lab,us/cm
337600,195.3,354.3333333,331,NA,354.3333333,dnr_lab,us/cm
339600,NA,222.5,200,287.67,222.5,dnr_lab,us/cm
339900,330,229.5,NA,238.75,229.5,dnr_lab,us/cm
340500,NA,NA,266,247.13,266,edi,us/cm
340900,260,NA,211,253,260,dnr_field,us/cm
341000,NA,NA,178,218.83,178,edi,us/cm
345100,NA,223,262,NA,223,dnr_lab,us/cm
365500,270,NA,270,NA,270,dnr_field,us/cm
377900,NA,NA,103,NA,103,edi,us/cm
387200,130,NA,108,NA,130,dnr_field,us/cm
388500,172.9,187.4,191,NA,187.4,dnr_lab,us/cm
388700,NA,NA,20,NA,20,edi,us/cm
389700,10,NA,30,NA,10,dnr_field,us/cm
390600,NA,NA,71,48,71,edi,us/cm
392100,150,NA,209,NA,150,dnr_field,us/cm
396500,100,NA,61,NA,100,dnr_field,us/cm
396700,NA,NA,22,16,22,edi,us/cm
406600,NA,NA,215,NA,215,edi,us/cm
415000,241.0285357,335,247,NA,335,dnr_lab,us/cm
417300,NA,46.5,35,NA,46.5,dnr_lab,us/cm
417400,NA,202.6666667,185,NA,202.6666667,dnr_lab,us/cm
417900,189.2010929,199,186,NA,199,dnr_lab,us/cm
418000,197.8847727,59.81764706,71,NA,59.81764706,dnr_lab,us/cm
418300,152.2272727,159.1111111,156,163,159.1111111,dnr_lab,us/cm
418700,158.2470588,NA,154,NA,158.2470588,dnr_field,us/cm
421600,40,37,57,NA,37,dnr_lab,us/cm
421800,30,65,53,NA,65,dnr_lab,us/cm
425600,189.2666667,202.2,198,NA,202.2,dnr_lab,us/cm
427300,NA,116.5,94,NA,116.5,dnr_lab,us/cm
427500,NA,275,232,NA,275,dnr_lab,us/cm
427900,150,NA,159,NA,150,dnr_field,us/cm
428100,20,28.66666667,26,NA,28.66666667,dnr_lab,us/cm
439500,148.1428571,124,127,NA,124,dnr_lab,us/cm
439800,NA,176,145,NA,176,dnr_lab,us/cm
447000,291,215,256,NA,215,dnr_lab,us/cm
454200,NA,403,212,204.06,403,dnr_lab,us/cm
455300,414.0952381,NA,262,NA,414.0952381,dnr_field,us/cm
457300,NA,104,133,NA,104,dnr_lab,us/cm
466900,NA,238,229,NA,238,dnr_lab,us/cm
470600,237,257.2083333,248,NA,257.2083333,dnr_lab,us/cm
479300,50,NA,51,NA,50,dnr_field,us/cm
487500,246,273.3333333,270,NA,273.3333333,dnr_lab,us/cm
494200,190,222,224,NA,222,dnr_lab,us/cm
498800,190,194.1428571,218,NA,194.1428571,dnr_lab,us/cm
499000,231.8888889,NA,270,NA,231.8888889,dnr_field,us/cm
501200,73.4125,72.16666667,63,NA,72.16666667,dnr_lab,us/cm
501700,NA,NA,220,174,220,edi,us/cm
502000,NA,NA,33,NA,33,edi,us/cm
502300,NA,180,218,NA,180,dnr_lab,us/cm
503300,19,20,32,NA,20,dnr_lab,us/cm
504300,230,213,192,NA,213,dnr_lab,us/cm
518300,407.5,394.5,361,NA,394.5,dnr_lab,us/cm
519700,NA,133.7142857,105,NA,133.7142857,dnr_lab,us/cm
523300,174.5,170,211,NA,170,dnr_lab,us/cm
525900,260.9642857,273.7142857,243,248.75,273.7142857,dnr_lab,us/cm
528500,NA,229.25,228,NA,229.25,dnr_lab,us/cm
530500,242,207.6666667,262,NA,207.6666667,dnr_lab,us/cm
530700,NA,NA,286,NA,286,edi,us/cm
533600,201.8888889,205.3333333,237,NA,205.3333333,dnr_lab,us/cm
537900,60,NA,102,NA,60,dnr_field,us/cm
556900,190,NA,203,NA,190,dnr_field,us/cm
574100,NA,NA,31,23,31,edi,us/cm
585100,124.3548387,106,122,NA,106,dnr_lab,us/cm
589400,18.47,13.9,53,NA,13.9,dnr_lab,us/cm
589800,NA,NA,29,NA,29,edi,us/cm
614200,277.6875,279.6666667,432,NA,279.6666667,dnr_lab,us/cm
614900,NA,NA,280,NA,280,edi,us/cm
617900,NA,175,390,NA,175,dnr_lab,us/cm
626200,NA,NA,208,NA,208,edi,us/cm
632800,NA,NA,233,NA,233,edi,us/cm
633100,NA,155.5714286,200,NA,155.5714286,dnr_lab,us/cm
642100,177.4875,NA,112,NA,177.4875,dnr_field,us/cm
650000,217.6307692,NA,170,NA,217.6307692,dnr_field,us/cm
650500,224.4026316,212.6,210,NA,212.6,dnr_lab,us/cm
652200,239.288,NA,198,NA,239.288,dnr_field,us/cm
653700,264.694702,179.037037,156,NA,179.037037,dnr_lab,us/cm
653900,138.7909091,NA,144,NA,138.7909091,dnr_field,us/cm
672300,239.1268041,201.3333333,175,NA,201.3333333,dnr_lab,us/cm
677100,213.9375,197.25,177,NA,197.25,dnr_lab,us/cm
677400,229,194.6666667,197,NA,194.6666667,dnr_lab,us/cm
679300,234.4285714,199,177,NA,199,dnr_lab,us/cm
683000,193,NA,180,NA,193,dnr_field,us/cm
692400,110,114.5,101,NA,114.5,dnr_lab,us/cm
692600,NA,NA,42,NA,42,edi,us/cm
692900,43,47.66666667,42,NA,47.66666667,dnr_lab,us/cm
702800,296.5428571,NA,218,NA,296.5428571,dnr_field,us/cm
703300,285.56,236,222,NA,236,dnr_lab,us/cm
704200,467.0434783,NA,170,NA,467.0434783,dnr_field,us/cm
706900,73.37,NA,130,NA,73.37,dnr_field,us/cm
716800,129.868,73.03333333,81,NA,73.03333333,dnr_lab,us/cm
717400,NA,69.66666667,17,NA,69.66666667,dnr_lab,us/cm
738400,581.0535714,604.8333333,369,618.75,604.8333333,dnr_lab,us/cm
740400,300.7857143,309,326,322.22,309,dnr_lab,us/cm
740700,141.1,189,166,NA,189,dnr_lab,us/cm
740900,258.4444444,620.4588529,260,NA,620.4588529,dnr_lab,us/cm
741200,180,165,116,NA,165,dnr_lab,us/cm
741500,418.2857778,410,336,NA,410,dnr_lab,us/cm
741600,NA,NA,557,NA,557,edi,us/cm
741700,197.5,253,NA,NA,253,dnr_lab,us/cm
741800,231.6666667,NA,256,NA,231.6666667,dnr_field,us/cm
742800,504.9128205,465.2857143,366,535.83,465.2857143,dnr_lab,us/cm
743000,722.2590331,612.4444444,410,643.17,612.4444444,dnr_lab,us/cm
743800,425,613,491,606,613,dnr_lab,us/cm
743900,NA,622.3333333,328,622.33,622.3333333,dnr_lab,us/cm
744200,455.7272727,504.375,328,485.61,504.375,dnr_lab,us/cm
747900,466.5625,510.9,362,NA,510.9,dnr_lab,us/cm
748800,NA,NA,372,NA,372,edi,us/cm
750300,543.0288454,524.6164384,679,NA,524.6164384,dnr_lab,us/cm
753800,497.4797297,440.2105263,318,439.8,440.2105263,dnr_lab,us/cm
755600,489.0169492,440.4347826,386,504.17,440.4347826,dnr_lab,us/cm
755700,510.3214286,472.12,373,525.85,472.12,dnr_lab,us/cm
755800,445.9672131,402.9565217,346,468.83,402.9565217,dnr_lab,us/cm
756700,418,NA,457,NA,418,dnr_field,us/cm
758300,455.3461538,486.1282051,394,495.08,486.1282051,dnr_lab,us/cm
759800,430.7288136,440,565,472.5,440,dnr_lab,us/cm
760900,426,418,550,453.6,418,dnr_lab,us/cm
761100,506.5,NA,588,468,506.5,dnr_field,us/cm
761300,445.5833333,455.5,NA,475.09,455.5,dnr_lab,us/cm
761700,575.5148515,599.0540541,652,601,599.0540541,dnr_lab,us/cm
762400,497.3925926,510.2173913,NA,562.7,510.2173913,dnr_lab,us/cm
762700,881.6359223,594.7391304,NA,734.39,594.7391304,dnr_lab,us/cm
763200,498.4,553.25,NA,593,553.25,dnr_lab,us/cm
763600,831.1346154,614.25,842,804,614.25,dnr_lab,us/cm
768600,433.625,461.9090909,NA,450.06,461.9090909,dnr_lab,us/cm
768800,456.2340426,377.1666667,436,NA,377.1666667,dnr_lab,us/cm
770600,490,506,NA,NA,506,dnr_lab,us/cm
774200,NA,378.6153846,248,NA,378.6153846,dnr_lab,us/cm
774400,373.7913636,462.9285714,418,NA,462.9285714,dnr_lab,us/cm
775000,NA,205,123,NA,205,dnr_lab,us/cm
776000,NA,NA,999,NA,999,edi,us/cm
778100,334.75,331,NA,NA,331,dnr_lab,us/cm
778300,458.0169492,411.4166667,NA,414.54,411.4166667,dnr_lab,us/cm
779200,306.1775,343.8484848,360,408.5,343.8484848,dnr_lab,us/cm
779300,351.6666667,392,501,369.1,392,dnr_lab,us/cm
779800,460.875,436.5,NA,554.1,436.5,dnr_lab,us/cm
783730,NA,NA,NA,NA,NA,NA,us/cm
783740,NA,251,NA,296.5,251,dnr_lab,us/cm
783750,NA,NA,NA,128,128,usgs,us/cm
793600,507.0307692,571.5,441,533.56,571.5,dnr_lab,us/cm
795100,275.8333333,NA,480,NA,275.8333333,dnr_field,us/cm
802600,548.2258065,468.372549,385,535,468.372549,dnr_lab,us/cm
803700,NA,446.64,373,NA,446.64,dnr_lab,us/cm
804600,NA,430.4761905,363,NA,430.4761905,dnr_lab,us/cm
805000,NA,612.6785714,458,NA,612.6785714,dnr_lab,us/cm
805400,NA,472.5333333,281,NA,472.5333333,dnr_lab,us/cm
808700,597.5833333,570.8125,525,NA,570.8125,dnr_lab,us/cm
809600,NA,482.5714286,240,NA,482.5714286,dnr_lab,us/cm
809800,NA,289,650,NA,289,dnr_lab,us/cm
813100,NA,NA,138,NA,138,edi,us/cm
816600,270.0909091,303.5,362,NA,303.5,dnr_lab,us/cm
816800,329.020649,369.9591837,371,NA,369.9591837,dnr_lab,us/cm
823700,NA,NA,232,NA,232,edi,us/cm
827100,581.7792208,563.7941176,333,639.6,563.7941176,dnr_lab,us/cm
827500,253.3333333,418.0555556,425,NA,418.0555556,dnr_lab,us/cm
828000,688.0251482,630.4915254,NA,715.5,630.4915254,dnr_lab,us/cm
828600,647.2222222,808.5,664,NA,808.5,dnr_lab,us/cm
835800,401.1393939,418.5632353,NA,392,418.5632353,dnr_lab,us/cm
837100,321.6,349.7142857,253,NA,349.7142857,dnr_lab,us/cm
837300,NA,NA,606,NA,606,edi,us/cm
847100,NA,NA,556,NA,556,edi,us/cm
848800,487.9872066,520.6122449,392,529.43,520.6122449,dnr_lab,us/cm
849400,441.46,461.05,473,536.56,461.05,dnr_lab,us/cm
849600,532.6842105,495.2714286,495,543.85,495.2714286,dnr_lab,us/cm
850100,NA,NA,488,NA,488,edi,us/cm
850300,501.2467532,511.7894737,NA,544.57,511.7894737,dnr_lab,us/cm
850800,279.6638,550.6111111,645,NA,550.6111111,dnr_lab,us/cm
852400,459.0992205,367.625,256,369.38,367.625,dnr_lab,us/cm
853200,600.6886314,663.4736842,570,NA,663.4736842,dnr_lab,us/cm
855200,566.1212121,575,526,600.5,575,dnr_lab,us/cm
858300,593.3061416,576.0222222,412,NA,576.0222222,dnr_lab,us/cm
859900,589,NA,NA,517,589,dnr_field,us/cm
872600,NA,645,168,NA,645,dnr_lab,us/cm
872800,NA,NA,224,NA,224,edi,us/cm
873950,NA,NA,NA,NA,NA,NA,us/cm
903700,463.2934286,438.3714286,NA,NA,438.3714286,dnr_lab,us/cm
967400,84,85,35,94,85,dnr_lab,us/cm
967900,15.25,21.66666667,20,23.1,21.66666667,dnr_lab,us/cm
968200,NA,NA,20,NA,20,edi,us/cm
968800,35,40.6,36,NA,40.6,dnr_lab,us/cm
969600,27,23,23,NA,23,dnr_lab,us/cm
971600,21.66666667,20.5,16,NA,20.5,dnr_lab,us/cm
972000,24,11,13,NA,11,dnr_lab,us/cm
972500,NA,NA,13,NA,13,edi,us/cm
974700,133,34,27,NA,34,dnr_lab,us/cm
976800,NA,19.6,15,NA,19.6,dnr_lab,us/cm
977500,26,25.28571429,27,NA,25.28571429,dnr_lab,us/cm
978500,NA,17,19,NA,17,dnr_lab,us/cm
978900,220.41,266.4594595,165,NA,266.4594595,dnr_lab,us/cm
979000,NA,235.5,513,NA,235.5,dnr_lab,us/cm
979100,NA,46.46153846,41,NA,46.46153846,dnr_lab,us/cm
980900,60.79777778,83.94722222,89,NA,83.94722222,dnr_lab,us/cm
981500,26,21,25,NA,21,dnr_lab,us/cm
982500,22,NA,16,NA,22,dnr_field,us/cm
983300,NA,NA,18,NA,18,edi,us/cm
983600,59,51,57,NA,51,dnr_lab,us/cm
984400,NA,NA,16,NA,16,edi,us/cm
984800,22,NA,21,NA,22,dnr_field,us/cm
985000,276.5185393,265.1904762,208,NA,265.1904762,dnr_lab,us/cm
985100,296.9647059,277.9433962,312,NA,277.9433962,dnr_lab,us/cm
989200,NA,NA,12,NA,12,edi,us/cm
990700,85,20,23,NA,20,dnr_lab,us/cm
991000,NA,NA,15,NA,15,edi,us/cm
991700,30,NA,25,NA,30,dnr_field,us/cm
991900,NA,29,23,NA,29,dnr_lab,us/cm
993800,NA,NA,38,NA,38,edi,us/cm
994400,23,NA,21,NA,23,dnr_field,us/cm
994700,39,35,60,33.52,35,dnr_lab,us/cm
994800,NA,338,370,NA,338,dnr_lab,us/cm
994900,317.272,300.3636364,266,NA,300.3636364,dnr_lab,us/cm
995200,60,66,59,NA,66,dnr_lab,us/cm
997300,NA,NA,64,NA,64,edi,us/cm
998100,NA,NA,35,NA,35,edi,us/cm
999200,NA,39,19,NA,39,dnr_lab,us/cm
1000700,NA,213,225,NA,213,dnr_lab,us/cm
1000800,NA,91.16666667,120,NA,91.16666667,dnr_lab,us/cm
1000900,10,NA,21,NA,10,dnr_field,us/cm
1001000,NA,30.38888889,29,NA,30.38888889,dnr_lab,us/cm
1002600,NA,NA,22,NA,22,edi,us/cm
1003700,155,NA,15,NA,155,dnr_field,us/cm
1004600,24,21,18,NA,21,dnr_lab,us/cm
1005400,161.0860465,131.5714286,165,NA,131.5714286,dnr_lab,us/cm
1005600,50,NA,143,NA,50,dnr_field,us/cm
1005800,22,87,15,24.1,87,dnr_lab,us/cm
1007200,NA,19,173,NA,19,dnr_lab,us/cm
1007500,20,15,17,NA,15,dnr_lab,us/cm
1009400,22,NA,24,NA,22,dnr_field,us/cm
1009800,NA,NA,17,NA,17,edi,us/cm
1010100,27,NA,20,NA,27,dnr_field,us/cm
1012000,299.1544218,261.25,200,NA,261.25,dnr_lab,us/cm
1012100,45,47,41,NA,47,dnr_lab,us/cm
1012500,NA,NA,179,NA,179,edi,us/cm
1013800,50.5,49,57,NA,49,dnr_lab,us/cm
1015100,NA,16,16,NA,16,dnr_lab,us/cm
1015200,20,24.5,30,NA,24.5,dnr_lab,us/cm
1015500,23,NA,19,NA,23,dnr_field,us/cm
1018500,33.5,26,25,NA,26,dnr_lab,us/cm
1018900,15.16666667,17,20,NA,17,dnr_lab,us/cm
1019500,76,59.19047619,51,NA,59.19047619,dnr_lab,us/cm
1019600,NA,14,17,NA,14,dnr_lab,us/cm
1020300,42,40.5,37,NA,40.5,dnr_lab,us/cm
1020600,NA,NA,17,NA,17,edi,us/cm
1022900,22.33333333,34,35,NA,34,dnr_lab,us/cm
1023100,35,NA,12,NA,35,dnr_field,us/cm
1023300,NA,98.58823529,14,NA,98.58823529,dnr_lab,us/cm
1176400,14,17.5,15,16.52,17.5,dnr_lab,us/cm
1176700,NA,NA,19,NA,19,edi,us/cm
1178000,NA,25,38,NA,25,dnr_lab,us/cm
1178900,NA,19,20,NA,19,dnr_lab,us/cm
1179000,NA,14.5,14,NA,14.5,dnr_lab,us/cm
1252300,613.6,NA,NA,NA,613.6,dnr_field,us/cm
1280400,232.697716,265.5180723,NA,NA,265.5180723,dnr_lab,us/cm
1295800,263.8888889,NA,NA,NA,263.8888889,dnr_field,us/cm
1405200,218.0638643,193.2083333,161,NA,193.2083333,dnr_lab,us/cm
1406100,NA,NA,NA,NA,NA,NA,us/cm
1407000,87.4427673,62.6,83,NA,62.6,dnr_lab,us/cm
1467100,51,44,53,NA,44,dnr_lab,us/cm
1468900,NA,50,30,NA,50,dnr_lab,us/cm
1469100,NA,85.83333333,156,NA,85.83333333,dnr_lab,us/cm
1481600,NA,79.33333333,73,NA,79.33333333,dnr_lab,us/cm
1483700,NA,NA,290,NA,290,edi,us/cm
1487800,NA,32.5,35,NA,32.5,dnr_lab,us/cm
1488400,19,27,26,NA,27,dnr_lab,us/cm
1513800,70,76,95,NA,76,dnr_lab,us/cm
1516800,89.8,84,NA,NA,84,dnr_lab,us/cm
1517200,73,76,66,NA,76,dnr_lab,us/cm
1517900,77,90.5,94,NA,90.5,dnr_lab,us/cm
1522400,50,59.5,58,NA,59.5,dnr_lab,us/cm
1522900,NA,88,86,NA,88,dnr_lab,us/cm
1523500,82.75,89.84210526,109,NA,89.84210526,dnr_lab,us/cm
1523600,99.8,95.82352941,102,NA,95.82352941,dnr_lab,us/cm
1523800,98,NA,118,NA,98,dnr_field,us/cm
1526600,58.5,NA,80,NA,58.5,dnr_field,us/cm
1527800,80,62.55,70,NA,62.55,dnr_lab,us/cm
1537800,110,134,117,NA,134,dnr_lab,us/cm
1538000,114,NA,81,107,114,dnr_field,us/cm
1538600,62,NA,60,NA,62,dnr_field,us/cm
1538900,92,NA,116,NA,92,dnr_field,us/cm
1539600,102.2,110,89,NA,110,dnr_lab,us/cm
1540400,100,126,84,NA,126,dnr_lab,us/cm
1542300,160,95.08695652,92,116,95.08695652,dnr_lab,us/cm
1542400,234.2513924,111.74,86,117,111.74,dnr_lab,us/cm
1542700,88,86.96551724,106,NA,86.96551724,dnr_lab,us/cm
1545300,123.6666667,143.8333333,120,119.3,143.8333333,dnr_lab,us/cm
1547700,NA,NA,53,NA,53,edi,us/cm
1555500,130.25,117.625,76,NA,117.625,dnr_lab,us/cm
1558400,NA,47.86666667,41,NA,47.86666667,dnr_lab,us/cm
1564400,76,85,98,NA,85,dnr_lab,us/cm
1564600,94.8,NA,125,NA,94.8,dnr_field,us/cm
1573800,50,NA,51,NA,50,dnr_field,us/cm
1574300,54,NA,55,NA,54,dnr_field,us/cm
1575700,66,59,62,NA,59,dnr_lab,us/cm
1579700,43,44.23529412,44,NA,44.23529412,dnr_lab,us/cm
1586600,NA,NA,47,NA,47,edi,us/cm
1586800,NA,57.77272727,78,NA,57.77272727,dnr_lab,us/cm
1587600,71,84,97,NA,84,dnr_lab,us/cm
1589100,40,46,58,NA,46,dnr_lab,us/cm
1591100,76,NA,83,85.2,76,dnr_field,us/cm
1592400,94.68571429,603.6,90,100,603.6,dnr_lab,us/cm
1593100,77.5,86,63,NA,86,dnr_lab,us/cm
1595600,83.75,62.22222222,66,NA,62.22222222,dnr_lab,us/cm
1595800,61.33333333,53.64782609,67,NA,53.64782609,dnr_lab,us/cm
1596600,77,74.83333333,65,88,74.83333333,dnr_lab,us/cm
1597800,NA,NA,52,NA,52,edi,us/cm
1598000,49,NA,58,NA,49,dnr_field,us/cm
1599900,69,82.875,93,NA,82.875,dnr_lab,us/cm
1600200,81,84.7,87,NA,84.7,dnr_lab,us/cm
1603600,NA,62.14285714,79,NA,62.14285714,dnr_lab,us/cm
1608300,NA,NA,NA,NA,NA,NA,us/cm
1610700,50,70.5,51,NA,70.5,dnr_lab,us/cm
1610800,46,62.75,44,NA,62.75,dnr_lab,us/cm
1612900,59.8,58.5,50,NA,58.5,dnr_lab,us/cm
1615900,NA,62,54,NA,62,dnr_lab,us/cm
1619100,69,NA,55,NA,69,dnr_field,us/cm
1619700,68.4,78.89473684,69,NA,78.89473684,dnr_lab,us/cm
1629500,44.1,38.33333333,34,NA,38.33333333,dnr_lab,us/cm
1630100,40.95454545,52.18518519,85,NA,52.18518519,dnr_lab,us/cm
1631900,97.025,93.66666667,72,81.46,93.66666667,dnr_lab,us/cm
1632200,12,NA,16,NA,12,dnr_field,us/cm
1641400,610.6666667,355.5882353,NA,NA,355.5882353,dnr_lab,us/cm
1653500,275.1428571,241.6428571,NA,NA,241.6428571,dnr_lab,us/cm
1670030,256,252.9411765,NA,NA,252.9411765,dnr_lab,us/cm
1736200,NA,33,NA,NA,33,dnr_lab,us/cm
1757200,NA,NA,107,NA,107,edi,us/cm
1764500,35,NA,41,NA,35,dnr_field,us/cm
1782700,NA,207.5,NA,NA,207.5,dnr_lab,us/cm
1825100,NA,109.9166667,NA,NA,109.9166667,dnr_lab,us/cm
1831700,NA,NA,25,NA,25,edi,us/cm
1832800,NA,NA,24,NA,24,edi,us/cm
1832900,NA,68.66666667,63,NA,68.66666667,dnr_lab,us/cm
1833300,NA,46,28,NA,46,dnr_lab,us/cm
1834400,NA,NA,20,NA,20,edi,us/cm
1834500,NA,NA,NA,NA,NA,NA,us/cm
1835300,53,53.10526316,51,NA,53.10526316,dnr_lab,us/cm
1835600,NA,37.5,14,NA,37.5,dnr_lab,us/cm
1835700,68.18548387,44.14285714,41,NA,44.14285714,dnr_lab,us/cm
1838500,NA,NA,23,NA,23,edi,us/cm
1841300,NA,NA,59,NA,59,edi,us/cm
1842400,10,16.63157895,15,13,16.63157895,dnr_lab,us/cm
1842500,NA,NA,15,NA,15,edi,us/cm
1844500,17.28571429,26,19,NA,26,dnr_lab,us/cm
1848400,NA,NA,24,NA,24,edi,us/cm
1849100,NA,37,31,NA,37,dnr_lab,us/cm
1849700,NA,NA,27,NA,27,edi,us/cm
1851200,NA,38,20,NA,38,dnr_lab,us/cm
1851900,NA,NA,17,NA,17,edi,us/cm
1852300,NA,NA,36,NA,36,edi,us/cm
1853200,NA,NA,34,NA,34,edi,us/cm
1855100,NA,35.75,32,NA,35.75,dnr_lab,us/cm
1856500,NA,NA,17,NA,17,edi,us/cm
1856700,NA,NA,24,NA,24,edi,us/cm
1858200,NA,17,23,20.33,17,dnr_lab,us/cm
1858900,NA,NA,17,NA,17,edi,us/cm
1859100,10.5,10,12,10,10,dnr_lab,us/cm
1859400,NA,NA,18,NA,18,edi,us/cm
1859900,NA,NA,23,NA,23,edi,us/cm
1861100,99,NA,21,NA,99,dnr_field,us/cm
1861400,NA,20.2,21,NA,20.2,dnr_lab,us/cm
1862100,NA,16.71428571,13,NA,16.71428571,dnr_lab,us/cm
1862200,NA,60,46,NA,60,dnr_lab,us/cm
1863000,NA,NA,44,NA,44,edi,us/cm
1863200,NA,NA,33,NA,33,edi,us/cm
1863400,NA,NA,25,NA,25,edi,us/cm
1864000,NA,92,32,NA,92,dnr_lab,us/cm
1864200,NA,NA,17,NA,17,edi,us/cm
1865200,NA,NA,26,NA,26,edi,us/cm
1867300,NA,NA,33,NA,33,edi,us/cm
1870200,NA,NA,54,NA,54,edi,us/cm
1870300,NA,NA,41,NA,41,edi,us/cm
1870500,NA,NA,29,NA,29,edi,us/cm
1872500,NA,25,16,NA,25,dnr_lab,us/cm
1872700,NA,NA,22,NA,22,edi,us/cm
1873600,NA,NA,22,NA,22,edi,us/cm
1873900,NA,NA,12,NA,12,edi,us/cm
1875100,55,NA,49,42,55,dnr_field,us/cm
1875900,83.07142857,34,34,38,34,dnr_lab,us/cm
1877900,NA,34,17,NA,34,dnr_lab,us/cm
1878800,26,41.2,20,NA,41.2,dnr_lab,us/cm
1879300,10,20,29,NA,20,dnr_lab,us/cm
1881100,44.4452381,29.6275,68,28,29.6275,dnr_lab,us/cm
1881900,NA,NA,92,NA,92,edi,us/cm
1882100,NA,NA,53,NA,53,edi,us/cm
1882900,NA,23,NA,NA,23,dnr_lab,us/cm
1884100,NA,58,41,NA,58,dnr_lab,us/cm
1884200,NA,21,15,NA,21,dnr_lab,us/cm
1884800,58.48,NA,37,NA,58.48,dnr_field,us/cm
1887500,NA,18,34,NA,18,dnr_lab,us/cm
2014700,NA,NA,14,NA,14,edi,us/cm
2015500,116,NA,16,NA,116,dnr_field,us/cm
2017500,NA,NA,11,NA,11,edi,us/cm
2043700,NA,NA,79,NA,79,edi,us/cm
2046500,29,37,30,NA,37,dnr_lab,us/cm
2046600,17,18,23,NA,18,dnr_lab,us/cm
2047300,NA,NA,18,NA,18,edi,us/cm
2079400,43,NA,62,NA,43,dnr_field,us/cm
2079700,NA,NA,189,NA,189,edi,us/cm
2079800,NA,228,202,NA,228,dnr_lab,us/cm
2081200,188,153.7321429,94,NA,153.7321429,dnr_lab,us/cm
2090900,NA,NA,45,NA,45,edi,us/cm
2092500,25.66347882,25.92307692,28,NA,25.92307692,dnr_lab,us/cm
2092900,NA,24.25704545,26,NA,24.25704545,dnr_lab,us/cm
2098200,NA,219,189,NA,219,dnr_lab,us/cm
2100100,NA,NA,69,NA,69,edi,us/cm
2100300,79,NA,52,NA,79,dnr_field,us/cm
2100800,102,54.66666667,54,NA,54.66666667,dnr_lab,us/cm
2103200,NA,NA,116,NA,116,edi,us/cm
2104100,NA,NA,NA,NA,NA,NA,us/cm
2104300,NA,NA,160,NA,160,edi,us/cm
2104500,NA,NA,68,NA,68,edi,us/cm
2105100,135.5,NA,110,129.88,135.5,dnr_field,us/cm
2105800,24,NA,30,NA,24,dnr_field,us/cm
2107100,NA,NA,240,NA,240,edi,us/cm
2107500,133,160.5,126,NA,160.5,dnr_lab,us/cm
2107600,NA,NA,123,NA,123,edi,us/cm
2109300,NA,NA,140,NA,140,edi,us/cm
2109600,137.5210526,137.4,127,136.43,137.4,dnr_lab,us/cm
2109800,88.95454545,66,100,66,66,dnr_lab,us/cm
2112800,159.4090909,162,140,162,162,dnr_lab,us/cm
2113300,503,126,118,NA,126,dnr_lab,us/cm
2143900,140.5282051,NA,NA,108.38,140.5282051,dnr_field,us/cm
2157900,54.38709677,64.6,64,NA,64.6,dnr_lab,us/cm
2166100,NA,NA,125,NA,125,edi,us/cm
2169200,18.53442177,20.46363636,28,NA,20.46363636,dnr_lab,us/cm
2178400,41,62.66666667,55,NA,62.66666667,dnr_lab,us/cm
2195400,NA,NA,26,NA,26,edi,us/cm
2201400,NA,NA,100,NA,100,edi,us/cm
2204100,NA,33,28,NA,33,dnr_lab,us/cm
2206300,NA,NA,29,NA,29,edi,us/cm
2210900,NA,45.25,34,NA,45.25,dnr_lab,us/cm
2234600,97.5,80,97,86,80,dnr_lab,us/cm
2235300,NA,NA,44,NA,44,edi,us/cm
2237500,NA,NA,52,NA,52,edi,us/cm
2238100,NA,109,108,NA,109,dnr_lab,us/cm
2239100,67,64,97,NA,64,dnr_lab,us/cm
2239400,103,109,54,NA,109,dnr_lab,us/cm
2244200,54,64.33333333,58,NA,64.33333333,dnr_lab,us/cm
2264200,32.2,NA,48,NA,32.2,dnr_field,us/cm
2265100,NA,70,81,NA,70,dnr_lab,us/cm
2266800,NA,NA,94,NA,94,edi,us/cm
2267100,NA,114,98,NA,114,dnr_lab,us/cm
2269600,56,NA,75,NA,56,dnr_field,us/cm
2272700,NA,40,47,NA,40,dnr_lab,us/cm
2275100,92.5,89,90,NA,89,dnr_lab,us/cm
2277200,NA,95,71,NA,95,dnr_lab,us/cm
2282000,NA,NA,118,NA,118,edi,us/cm
2282200,NA,36.5,25,NA,36.5,dnr_lab,us/cm
2283300,100,98.14285714,134,86,98.14285714,dnr_lab,us/cm
2283800,NA,NA,40,NA,40,edi,us/cm
2284000,164.625,145,103,145,145,dnr_lab,us/cm
2286900,55,56,65,NA,56,dnr_lab,us/cm
2295200,65,71.33333333,73,81,71.33333333,dnr_lab,us/cm
2296500,53,61,56,NA,61,dnr_lab,us/cm
2297000,94,99.35,105,NA,99.35,dnr_lab,us/cm
2297800,105,NA,83,NA,105,dnr_field,us/cm
2299300,NA,NA,58,NA,58,edi,us/cm
2299900,NA,NA,79,NA,79,edi,us/cm
2301800,NA,NA,105,NA,105,edi,us/cm
2303500,NA,NA,98,NA,98,edi,us/cm
2306300,NA,84,81,NA,84,dnr_lab,us/cm
2307600,18,19,21,NA,19,dnr_lab,us/cm
2312500,NA,NA,62,NA,62,edi,us/cm
2313100,NA,NA,110,NA,110,edi,us/cm
2313600,145,186.75,133,208,186.75,dnr_lab,us/cm
2314100,115,124,127,NA,124,dnr_lab,us/cm
2314300,NA,NA,126,NA,126,edi,us/cm
2316100,32,34,53,NA,34,dnr_lab,us/cm
2316600,NA,53.33333333,69,NA,53.33333333,dnr_lab,us/cm
2317900,NA,NA,13,NA,13,edi,us/cm
2321600,NA,NA,43,50.5,43,edi,us/cm
2321800,18.4,29.33333333,16,22.5,29.33333333,dnr_lab,us/cm
2322800,NA,89,61,66.89,89,dnr_lab,us/cm
2323000,NA,92,75,76.25,92,dnr_lab,us/cm
2327100,NA,NA,81,NA,81,edi,us/cm
2327500,92,110,83,NA,110,dnr_lab,us/cm
2328700,122,117.6666667,102,NA,117.6666667,dnr_lab,us/cm
2330800,116.5,116,87,NA,116,dnr_lab,us/cm
2331600,NA,130,63,NA,130,dnr_lab,us/cm
2332400,99.8,82.7,87,93,82.7,dnr_lab,us/cm
2334300,88,96.525,77,NA,96.525,dnr_lab,us/cm
2335500,111,117,108,NA,117,dnr_lab,us/cm
2336800,NA,160,130,NA,160,dnr_lab,us/cm
2338800,NA,37.52941176,39,NA,37.52941176,dnr_lab,us/cm
2339100,NA,89,74,NA,89,dnr_lab,us/cm
2340000,NA,NA,30,NA,30,edi,us/cm
2340100,NA,NA,16,NA,16,edi,us/cm
2344000,124.3,125,160,NA,125,dnr_lab,us/cm
2349600,NA,145.5,NA,NA,145.5,dnr_lab,us/cm
2353600,105.38,125.9230769,86,NA,125.9230769,dnr_lab,us/cm
2356200,NA,NA,66,NA,66,edi,us/cm
2368500,NA,NA,27,NA,27,edi,us/cm
2368700,22,23,29,NA,23,dnr_lab,us/cm
2381900,123,129,229,NA,129,dnr_lab,us/cm
2387600,123.6107143,NA,100,NA,123.6107143,dnr_field,us/cm
2390800,105.1720732,107.8043478,102,NA,107.8043478,dnr_lab,us/cm
2391200,134.7241956,118.25,110,NA,118.25,dnr_lab,us/cm
2393500,100.1428571,66.75,72,68.83,66.75,dnr_lab,us/cm
2393700,NA,NA,24,NA,24,edi,us/cm
2394100,NA,NA,27,NA,27,edi,us/cm
2403200,NA,109,78,NA,109,dnr_lab,us/cm
2406500,84.5,NA,72,NA,84.5,dnr_field,us/cm
2410400,30,30,28,NA,30,dnr_lab,us/cm
2417000,72,68.66666667,70,NA,68.66666667,dnr_lab,us/cm
2418600,95,85.8,76,NA,85.8,dnr_lab,us/cm
2430800,NA,NA,42,NA,42,edi,us/cm
2433800,NA,NA,67,NA,67,edi,us/cm
2435800,60.45,68,NA,NA,68,dnr_lab,us/cm
2448000,61.9452229,NA,47,NA,61.9452229,dnr_field,us/cm
2448700,44.13235294,44,32,NA,44,dnr_lab,us/cm
2449400,35,38.16666667,43,NA,38.16666667,dnr_lab,us/cm
2449800,NA,34.5,25,NA,34.5,dnr_lab,us/cm
2450500,263.7038653,268.9736842,267,NA,268.9736842,dnr_lab,us/cm
2450900,NA,NA,25,NA,25,edi,us/cm
2451200,NA,NA,42,NA,42,edi,us/cm
2451300,107,113,96,NA,113,dnr_lab,us/cm
2451700,NA,NA,21,NA,21,edi,us/cm
2451900,NA,49.8,51,NA,49.8,dnr_lab,us/cm
2452300,30,NA,33,NA,30,dnr_field,us/cm
2452400,NA,NA,18,NA,18,edi,us/cm
2452600,14,NA,20,NA,14,dnr_field,us/cm
2453300,74,NA,147,NA,74,dnr_field,us/cm
2453500,NA,57.5,69,NA,57.5,dnr_lab,us/cm
2454000,NA,NA,63,NA,63,edi,us/cm
2454500,NA,NA,22,NA,22,edi,us/cm
2456100,64.4,NA,57,NA,64.4,dnr_field,us/cm
2457600,NA,NA,38,NA,38,edi,us/cm
2458300,NA,25.5,21,NA,25.5,dnr_lab,us/cm
2459100,90,48.2,41,NA,48.2,dnr_lab,us/cm
2459200,NA,NA,43,NA,43,edi,us/cm
2459700,NA,NA,46,NA,46,edi,us/cm
2459800,NA,50,59,NA,50,dnr_lab,us/cm
2460700,NA,63,68,NA,63,dnr_lab,us/cm
2460900,28,NA,44,NA,28,dnr_field,us/cm
2461100,NA,NA,80,NA,80,edi,us/cm
2461400,NA,NA,31,NA,31,edi,us/cm
2461700,NA,NA,84,NA,84,edi,us/cm
2462200,NA,NA,65,53.31,65,edi,us/cm
2462400,NA,NA,23,NA,23,edi,us/cm
2463100,NA,NA,33,NA,33,edi,us/cm
2463300,NA,NA,56,NA,56,edi,us/cm
2463500,NA,NA,64,NA,64,edi,us/cm
2464500,NA,89,74,NA,89,dnr_lab,us/cm
2465200,NA,NA,55,NA,55,edi,us/cm
2465300,NA,NA,21,NA,21,edi,us/cm
2465600,NA,NA,113,NA,113,edi,us/cm
2465700,50,NA,53,NA,50,dnr_field,us/cm
2466300,NA,46,48,NA,46,dnr_lab,us/cm
2466400,NA,34,14,NA,34,dnr_lab,us/cm
2466500,NA,NA,27,NA,27,edi,us/cm
2467200,NA,NA,27,NA,27,edi,us/cm
2467900,NA,44.5,30,NA,44.5,dnr_lab,us/cm
2468700,NA,52,32,NA,52,dnr_lab,us/cm
2468800,NA,NA,102,NA,102,edi,us/cm
2469400,NA,NA,103,NA,103,edi,us/cm
2469800,NA,NA,31,NA,31,edi,us/cm
2470000,NA,NA,46,NA,46,edi,us/cm
2470600,NA,NA,104,NA,104,edi,us/cm
2470800,NA,52,51,NA,52,dnr_lab,us/cm
2470900,NA,NA,26,NA,26,edi,us/cm
2471100,NA,NA,28,NA,28,edi,us/cm
2471600,NA,34.5,34,NA,34.5,dnr_lab,us/cm
2472000,NA,NA,40,NA,40,edi,us/cm
2473500,13,13,15,NA,13,dnr_lab,us/cm
2473600,NA,23,33,NA,23,dnr_lab,us/cm
2473800,NA,NA,20,NA,20,edi,us/cm
2474300,NA,61,52,NA,61,dnr_lab,us/cm
2474400,NA,76.5,129,NA,76.5,dnr_lab,us/cm
2474800,NA,NA,31,NA,31,edi,us/cm
2476000,NA,NA,90,NA,90,edi,us/cm
2477000,NA,22,21,NA,22,dnr_lab,us/cm
2477700,NA,NA,45,NA,45,edi,us/cm
2478200,190.0666667,187.2,162,NA,187.2,dnr_lab,us/cm
2478600,NA,NA,30,NA,30,edi,us/cm
2479000,NA,NA,79,NA,79,edi,us/cm
2480600,NA,NA,39,NA,39,edi,us/cm
2481600,NA,NA,41,NA,41,edi,us/cm
2482900,NA,NA,102,NA,102,edi,us/cm
2483100,NA,NA,58,NA,58,edi,us/cm
2483600,NA,NA,38,NA,38,edi,us/cm
2484200,NA,NA,57,NA,57,edi,us/cm
2485400,NA,NA,24,NA,24,edi,us/cm
2485900,64,62,44,NA,62,dnr_lab,us/cm
2486100,NA,70,81,NA,70,dnr_lab,us/cm
2486300,NA,NA,29,NA,29,edi,us/cm
2486600,NA,NA,24,NA,24,edi,us/cm
2488100,24,50.5,22,NA,50.5,dnr_lab,us/cm
2488200,NA,NA,99,NA,99,edi,us/cm
2488300,112,131.4285714,180,NA,131.4285714,dnr_lab,us/cm
2488600,NA,20,30,NA,20,dnr_lab,us/cm
2489200,58,54,49,NA,54,dnr_lab,us/cm
2489300,NA,NA,30,NA,30,edi,us/cm
2489400,121.3,121.8,113,NA,121.8,dnr_lab,us/cm
2489900,NA,NA,114,NA,114,edi,us/cm
2490400,64,59,51,NA,59,dnr_lab,us/cm
2491000,112,NA,117,NA,112,dnr_field,us/cm
2491100,NA,61.5,27,NA,61.5,dnr_lab,us/cm
2491300,NA,NA,16,NA,16,edi,us/cm
2492100,95,NA,77,NA,95,dnr_field,us/cm
2492600,44,62,37,NA,62,dnr_lab,us/cm
2492900,15,26,20,NA,26,dnr_lab,us/cm
2493100,NA,NA,55,NA,55,edi,us/cm
2493900,NA,NA,25,23.57,25,edi,us/cm
2494500,46,48,49,NA,48,dnr_lab,us/cm
2494900,NA,NA,75,NA,75,edi,us/cm
2495000,165,146,NA,NA,146,dnr_lab,us/cm
2495600,NA,56,42,NA,56,dnr_lab,us/cm
2495900,NA,NA,43,NA,43,edi,us/cm
2496100,NA,NA,27,NA,27,edi,us/cm
2496300,60.5509434,45.38461538,24,NA,45.38461538,dnr_lab,us/cm
2496800,NA,NA,32,NA,32,edi,us/cm
2496900,54.2,NA,43,NA,54.2,dnr_field,us/cm
2497000,NA,10,18,NA,10,dnr_lab,us/cm
2497100,NA,NA,59,NA,59,edi,us/cm
2497400,NA,61,38,NA,61,dnr_lab,us/cm
2498300,NA,NA,39,NA,39,edi,us/cm
2498600,94.1,NA,63,NA,94.1,dnr_field,us/cm
2498800,NA,NA,67,NA,67,edi,us/cm
2498900,NA,NA,67,NA,67,edi,us/cm
2499000,110.8571429,99.89090909,82,NA,99.89090909,dnr_lab,us/cm
2500100,NA,NA,35,NA,35,edi,us/cm
2500500,38,54,59,NA,54,dnr_lab,us/cm
2501300,NA,25,24,NA,25,dnr_lab,us/cm
2501700,62.225,59,72,NA,59,dnr_lab,us/cm
2503500,16,NA,26,NA,16,dnr_field,us/cm
2597700,NA,NA,NA,NA,NA,NA,us/cm
2598300,NA,NA,14,NA,14,edi,us/cm
2598500,23.7,29,NA,NA,29,dnr_lab,us/cm
2598600,NA,NA,33,NA,33,edi,us/cm
2599000,NA,NA,27,NA,27,edi,us/cm
2599400,42,52.43,74,NA,52.43,dnr_lab,us/cm
2600500,NA,NA,34,NA,34,edi,us/cm
2600600,NA,NA,44,NA,44,edi,us/cm
2601000,NA,NA,32,NA,32,edi,us/cm
2616200,NA,156,177,NA,156,dnr_lab,us/cm
2616400,272,213.3333333,226,219,213.3333333,dnr_lab,us/cm
2620600,180.4285714,160.6111111,NA,184.5,160.6111111,dnr_lab,us/cm
2621600,204.1,NA,372,NA,204.1,dnr_field,us/cm
2623500,NA,NA,162,NA,162,edi,us/cm
2623800,156,131,279,NA,131,dnr_lab,us/cm
2623900,234.2,NA,263,NA,234.2,dnr_field,us/cm
2624000,238,232,271,NA,232,dnr_lab,us/cm
2624900,NA,NA,153,NA,153,edi,us/cm
2627400,176,196,NA,189.75,196,dnr_lab,us/cm
2628100,174,195.3,NA,NA,195.3,dnr_lab,us/cm
2628800,148,NA,175,NA,148,dnr_field,us/cm
2630100,57,NA,68,NA,57,dnr_field,us/cm
2630200,NA,NA,44,NA,44,edi,us/cm
2630800,NA,46,35,NA,46,dnr_lab,us/cm
2631200,NA,NA,47,NA,47,edi,us/cm
2632100,NA,NA,42,NA,42,edi,us/cm
2638700,NA,231,203,NA,231,dnr_lab,us/cm
2640100,NA,237.6666667,224,NA,237.6666667,dnr_lab,us/cm
2640700,139,NA,183,NA,139,dnr_field,us/cm
2641500,NA,NA,173,NA,173,edi,us/cm
2642000,71.11052632,NA,NA,NA,71.11052632,dnr_field,us/cm
2642900,NA,NA,NA,NA,NA,NA,us/cm
2649800,190.5,224.7647059,221,NA,224.7647059,dnr_lab,us/cm
2655900,NA,NA,20,NA,20,edi,us/cm
2656200,NA,NA,189,201.33,189,edi,us/cm
2656400,NA,NA,152,NA,152,edi,us/cm
2657200,NA,NA,127,NA,127,edi,us/cm
2658400,NA,NA,161,NA,161,edi,us/cm
2661600,NA,31,26,NA,31,dnr_lab,us/cm
2662400,237.5714286,192,162,192.5,192,dnr_lab,us/cm
2664500,NA,53,34,NA,53,dnr_lab,us/cm
2664900,NA,NA,140,NA,140,edi,us/cm
2665900,NA,101,NA,NA,101,dnr_lab,us/cm
2667300,195.5,141,256,NA,141,dnr_lab,us/cm
2668500,NA,NA,24,NA,24,edi,us/cm
2669300,NA,NA,54,NA,54,edi,us/cm
2671400,NA,121,85,NA,121,dnr_lab,us/cm
2671700,NA,NA,88,NA,88,edi,us/cm
2671900,150.25,134,103,134,134,dnr_lab,us/cm
2672500,NA,122.6666667,98,NA,122.6666667,dnr_lab,us/cm
2673800,NA,NA,92,NA,92,edi,us/cm
2674000,NA,113,71,NA,113,dnr_lab,us/cm
2674200,NA,94,88,NA,94,dnr_lab,us/cm
2674800,NA,NA,179,NA,179,edi,us/cm
2675000,NA,NA,26,NA,26,edi,us/cm
2675200,NA,NA,179,NA,179,edi,us/cm
2675700,NA,NA,122,NA,122,edi,us/cm
2676800,NA,108.25,97,88.5,108.25,dnr_lab,us/cm
2677200,NA,NA,31,NA,31,edi,us/cm
2677700,NA,203,136,135.33,203,dnr_lab,us/cm
2677900,NA,NA,108,181.33,108,edi,us/cm
2678100,NA,163,141,NA,163,dnr_lab,us/cm
2678300,NA,NA,141,NA,141,edi,us/cm
2685200,NA,174,NA,174,174,dnr_lab,us/cm
2688800,NA,111,92,NA,111,dnr_lab,us/cm
2691200,NA,NA,83,NA,83,edi,us/cm
2691500,NA,57.8,69,NA,57.8,dnr_lab,us/cm
2692200,NA,NA,119,NA,119,edi,us/cm
2693100,NA,NA,68,NA,68,edi,us/cm
2693700,55,NA,62,NA,55,dnr_field,us/cm
2694000,39,44.36363636,52,41.67,44.36363636,dnr_lab,us/cm
2695800,93,NA,81,NA,93,dnr_field,us/cm
2696000,NA,NA,128,NA,128,edi,us/cm
2700200,NA,NA,37,NA,37,edi,us/cm
2705000,NA,NA,37,NA,37,edi,us/cm
2705700,NA,91,67,NA,91,dnr_lab,us/cm
2706300,NA,141.5,125,141.5,141.5,dnr_lab,us/cm
2706500,NA,153,135,153,153,dnr_lab,us/cm
2706800,220.75,167.0789474,142,NA,167.0789474,dnr_lab,us/cm
2707300,NA,NA,135,NA,135,edi,us/cm
2709100,115,NA,87,NA,115,dnr_field,us/cm
2709400,NA,56.81818182,77,NA,56.81818182,dnr_lab,us/cm
2709800,118,NA,92,NA,118,dnr_field,us/cm
2710100,NA,NA,102,NA,102,edi,us/cm
2710300,NA,93,75,NA,93,dnr_lab,us/cm
2710800,112,NA,91,NA,112,dnr_field,us/cm
2712800,145,NA,136,NA,145,dnr_field,us/cm
2714200,NA,NA,29,NA,29,edi,us/cm
2714500,196,NA,176,NA,196,dnr_field,us/cm
2715900,165,NA,155,NA,165,dnr_field,us/cm
2718500,143,137,139,NA,137,dnr_lab,us/cm
2720800,NA,NA,130,NA,130,edi,us/cm
2722000,NA,NA,30,NA,30,edi,us/cm
2722800,124,NA,101,NA,124,dnr_field,us/cm
2724900,168.5797101,141,116,NA,141,dnr_lab,us/cm
2729700,110,147.75,114,NA,147.75,dnr_lab,us/cm
2730800,13,NA,24,NA,13,dnr_field,us/cm
2731800,NA,42,26,NA,42,dnr_lab,us/cm
2732600,108,127,95,106.5,127,dnr_lab,us/cm
2734000,29.75,32.58333333,37,34,32.58333333,dnr_lab,us/cm
2734100,13,NA,23,NA,13,dnr_field,us/cm
2734200,NA,68,62,68,68,dnr_lab,us/cm
2734500,NA,NA,63,NA,63,edi,us/cm
2734700,NA,NA,24,NA,24,edi,us/cm
2735500,NA,92.66666667,NA,91,92.66666667,dnr_lab,us/cm
2741700,NA,NA,106,NA,106,edi,us/cm
2742500,NA,NA,113,NA,113,edi,us/cm
2742700,184.159375,145.1590909,153,NA,145.1590909,dnr_lab,us/cm
2743200,NA,NA,90,NA,90,edi,us/cm
2743300,114,NA,98,NA,114,dnr_field,us/cm
2743700,NA,NA,150,NA,150,edi,us/cm
2744500,NA,40,26,NA,40,dnr_lab,us/cm
2744700,NA,147.5,110,NA,147.5,dnr_lab,us/cm
2747300,107,90.76470588,73,NA,90.76470588,dnr_lab,us/cm
2753900,NA,NA,54,NA,54,edi,us/cm
2755600,NA,NA,22,NA,22,edi,us/cm
2759100,NA,NA,14,NA,14,edi,us/cm
2760100,NA,NA,79,NA,79,edi,us/cm
2761000,11,12,23,NA,12,dnr_lab,us/cm
2761400,NA,34,34,NA,34,dnr_lab,us/cm
2761900,NA,NA,18,NA,18,edi,us/cm
2762200,71,77.83333333,69,NA,77.83333333,dnr_lab,us/cm
2762700,84.54545455,87,74,99,87,dnr_lab,us/cm
2763300,NA,NA,23,NA,23,edi,us/cm
2766200,NA,29,18,NA,29,dnr_lab,us/cm
2767100,NA,NA,81,NA,81,edi,us/cm
2767300,NA,68.5,38,NA,68.5,dnr_lab,us/cm
2767600,NA,23.5,12,NA,23.5,dnr_lab,us/cm
2768900,NA,67.3,64,NA,67.3,dnr_lab,us/cm
2769700,NA,30.5,17,NA,30.5,dnr_lab,us/cm
2770800,NA,NA,21,NA,21,edi,us/cm
2771200,NA,NA,20,NA,20,edi,us/cm
2772800,NA,NA,82,NA,82,edi,us/cm
2832400,NA,NA,44,NA,44,edi,us/cm
2858100,80.58153846,65.85510204,56,NA,65.85510204,dnr_lab,us/cm
2858300,56.71428571,60.16666667,56,NA,60.16666667,dnr_lab,us/cm
2865000,97.88888889,93.17647059,117,94,93.17647059,dnr_lab,us/cm
2866000,NA,NA,50,NA,50,edi,us/cm
2866200,63,88.42105263,78,NA,88.42105263,dnr_lab,us/cm
2867300,NA,NA,55,NA,55,edi,us/cm
2874700,NA,NA,77,NA,77,edi,us/cm
2896600,NA,NA,78,NA,78,edi,us/cm
2898400,81,94.5,83,NA,94.5,dnr_lab,us/cm
2901100,NA,NA,21,NA,21,edi,us/cm
2903200,125.9333333,133.75,122,NA,133.75,dnr_lab,us/cm
2903400,NA,123.5,98,NA,123.5,dnr_lab,us/cm
2903600,NA,NA,117,NA,117,edi,us/cm
2904000,NA,NA,61,NA,61,edi,us/cm
2908500,NA,NA,48,NA,48,edi,us/cm
2909000,97,NA,50,NA,97,dnr_field,us/cm
2914800,NA,75.5,70,NA,75.5,dnr_lab,us/cm
2918600,NA,NA,67,NA,67,edi,us/cm
2928400,NA,NA,51,NA,51,edi,us/cm
2934800,50,NA,56,NA,50,dnr_field,us/cm
2935600,45,NA,79,NA,45,dnr_field,us/cm
2945500,40,NA,53,NA,40,dnr_field,us/cm
2949200,NA,93.5,76,NA,93.5,dnr_lab,us/cm
2952100,NA,NA,114,NA,114,edi,us/cm
2952500,NA,NA,NA,NA,NA,NA,us/cm
2953100,NA,87,55,NA,87,dnr_lab,us/cm
2953800,27.59,51.33333333,27,NA,51.33333333,dnr_lab,us/cm
2954500,26,NA,25,NA,26,dnr_field,us/cm
2954800,NA,35,43,NA,35,dnr_lab,us/cm
2956500,NA,130.5,127,NA,130.5,dnr_lab,us/cm
2958500,84,87.95,86,NA,87.95,dnr_lab,us/cm
2960000,NA,134,122,NA,134,dnr_lab,us/cm
2960200,NA,100.5,118,NA,100.5,dnr_lab,us/cm
2960300,NA,88,94,NA,88,dnr_lab,us/cm
2960600,NA,102,71,NA,102,dnr_lab,us/cm
2962900,100,96.11111111,115,NA,96.11111111,dnr_lab,us/cm
2963800,NA,96.5,127,NA,96.5,dnr_lab,us/cm
2969300,NA,NA,NA,NA,NA,NA,us/cm
1596300,76.83333333,76.39285714,66,77.72,76.39285714,dnr_lab,us/cm
5035724,NA,NA,NA,NA,NA,NA,us/cm
5039050,NA,NA,NA,NA,NA,NA,us/cm
5519266,NA,NA,NA,NA,NA,NA,us/cm
5570032,NA,NA,NA,NA,NA,NA,us/cm
5575273,NA,NA,NA,NA,NA,NA,us/cm
2953200,NA,68,46,NA,68,dnr_lab,us/cm
2311100,NA,88.85,81,NA,88.85,dnr_lab,us/cm
2757900,NA,NA,19,NA,19,edi,us/cm
2953500,NA,42.6,51,NA,42.6,dnr_lab,us/cm
585400,NA,31,16,NA,31,dnr_lab,us/cm
2328400,NA,51.14,41,NA,51.14,dnr_lab,us/cm
2956800,NA,78,130,NA,78,dnr_lab,us/cm
586800,NA,NA,17,NA,17,edi,us/cm
2957000,NA,21.5,19,NA,21.5,dnr_lab,us/cm
2308000,NA,NA,89,NA,89,edi,us/cm
2310800,NA,82.1,65,NA,82.1,dnr_lab,us/cm
2954700,NA,33,16,NA,33,dnr_lab,us/cm
1018300,32.5,NA,31,NA,32.5,dnr_field,us/cm
1883700,NA,56.5,17,NA,56.5,dnr_lab,us/cm
2897300,NA,33,31,NA,33,dnr_lab,us/cm
